,City,NickName,Province,Sex,Signature
0,,哈哈,,男,
1,南昌,听唱心世界,江西,女,每一次的旅程都不要忘了看沿途的风景。。。
2,南昌,武,江西,男,有些东西努力去追求了没有得到，和卑微了却得不到回应是不一样的
3,武汉,Arthur,湖北,男,
4,,飞,,不明性别,
5,,哈佛,,不明性别,
6,洛阳,夏日泡沫,河南,女,有你，我可以坐拥天下，没你，我的世界依然伟大……
7,,树珍,,不明性别,
8,,陈平,,不明性别,
9,,爱你一生!,,男,真心交朋友
10,,尚约厅史鹏雁,,不明性别,
11,洛阳,刘军辉,河南,男,
12,洛阳,小美,河南,女,男人想玩找我
13,,零零,,不明性别,
14,洛阳,海阔天空,河南,男,再苦再累，也要相信生活，相信未来！
15,,陈平安,,不明性别,
16,洛阳,简单  爱,河南,男,
17,洛阳,梁改丽,河南,女,中国平安综合金融
18,濮阳,夜狼,河南,男,一个人忽然就寂寞了
19,朝阳,杨帆,北京,不明性别,"新一轮的招聘开始了   
杨帆13366672241"
20,洛阳,。,河南,女,"就是个卖内衣的<span class=""emoji emoji1f459""></span><span class=""emoji emoji1f459""></span><span class=""emoji emoji1f447""></span>99"
21,,小吴,,不明性别,
22,洛阳,田俊洋,河南,男,
23,洛阳,倒甲,河南,男,行者常至，为者常成
24,洛阳,鳄鱼,河南,男,好好生活
25,洛阳,蓝天,河南,女,
26,洛阳,伊涅斯塔,河南,男,
27,,蒲公英,Paris,女,一切都会好起来的……
28,洛阳,A兴业银行刘莉平,河南,女,办理兴业银行信用卡18637926476
29,深圳,蓝柏琴行,广东,男,东门蓝柏琴行，吉他钢琴古筝声乐培训，13560761792
30,,清晨雨露,Upper Austria,男,只要你够浪！！
31,,亮亮,,男,雨的一生就是从天到地。
32,洛阳,古月,河南,男,南朝四百八十寺、多少楼台烟雨中
33,洛阳,清风,河南,男,相逢一笑泯思仇?
34,深圳,海燕,广东,女,
35,洛阳,驽马,河南,男,
36,,邮政EMS（31区26区揽投专员）,,不明性别,邮政EMS你的区域快递管家！负责邮件查询收件，派件，
37,,标你妹啊,,不明性别,
38,洛阳,悦悦,河南,女,
39,洛阳,移动宽带按装维护续费13698857064,河南,女,国伟
40,,me,,不明性别,
41,,LW,,不明性别,
42,深圳,Angel 小云、,广东,女,"心态正确远比现实表现重要、选对方向远比努力做事重要 ―― <span class=""emoji emoji1f44f""></span> <span class=""emoji emoji1f44f""></span>"
43,洛阳,郭伟杰,河南,男,不成熟的尝试，胜于胎死腹中的策略
44,洛阳,晓亮,河南,男,
45,郑州,天天,河南,男,执子之手，与子偕老！
46,虹口,幸福一生,上海,女,你不努力，没人替你坚强！
47,九江,共赢未来～汪,江西,男,聊
48,深圳,如歌钢琴,广东,男,成人钢琴速成教学，30分钟学会一首钢琴曲。
49,株洲,光明噜渴酸奶--易元江,湖南,男,埋头苦干……天道酬勤！
50,深圳,张弛,广东,男,酌贪泉而觉爽 处涸辙以犹欢 欲把心事付瑶琴 知音少 弦断有谁听
51,洛阳,凤凰花,河南,男,别走得太快，灵魂都跟不上了！
52,深圳,Mr.Li,广东,男,尽人事！听天命！
53,顺义,shannon,北京,女,一个人的价值应该看他贡献什么，而不应当看他取得什么。
54,深圳,东风华艺音乐培训何老师,广东,男,培训吉他唱歌钢琴架子鼓小提琴古筝等；名牌吉他批发、零售。
55,,婷ting,,不明性别,
56,深圳,朋友,广东,女,努力奋斗
57,汕头,Jansoon.,广东,男,珍惜一切就算没有拥有……
58,,陈陈,,女,
59,洛阳,A0莘月农场黄焖鸡米饭新安店,河南,男,成功总在风雨后，偶了！
60,洛阳,吴畅畅,河南,女,Cc
61,东营,猫咪,山东,女,我一直在为我以后更幸福的生活在努力哟~
62,深圳,superman,广东,男,正德善行，知行合一
63,,歪脖子老鸡公,上海,女,人生得意须尽欢
64,深圳,sawa鱼,广东,男,
65,洛阳,洛阳大马（机电马志毅）,河南,男,
66,,善心汇-TT,,不明性别,
67,深圳,木_笛,广东,男,逸川文化&amp;U Station|培训|销售|活动|159-8953-1058 木笛
68,绵阳,对方正在输入...,四川,男,我只是个凡人！
69,,易鹏,,不明性别,
70,潜江,赵旭宏,湖北,男,有人走，有人来，有人在。
71,深圳,张建辉,广东,男,
72,济南,韩俊锋15069169989,山东,男,13205410338
73,深圳,刘凡,广东,男,
74,,"丿""娃他爹丶满爸",Dubayy,男,包容并没有那么简单，剩下的只有悲欢离合。
75,,红叶,St. Lawrence,女,时光不老，我们不散，天暗下来，你就是光！
76,洛阳,懿皇地产－李伊波,河南,男,
77,张家界,华,湖南,男,心有多大，路就有多远！
78,沈阳,辽宁恒志出国邸凯18624419537,辽宁,男,18624419537
79,,世纪新能源汽车城,Seoul,女,招才纳士：为了电动汽车事业快速发展，现招聘有志者人士加入我们
80,,橄榄图钟百迪,,不明性别,橄榄图摄影课堂 www.ganlantu.com
81,,阿苏13714799582,,不明性别,
82,深圳,老犁,广东,男,
83,合肥,陨石(博为峰),安徽,男,
84,金华,张庆华,浙江,男,家人团聚平平安安才是幸福
85,茂名,Love,广东,男,Love
86,许昌,Best,河南,男,
87,十堰,必胜,湖北,男,
88,深圳,liuhanwang,广东,男,"今夜风寒，适宜裸奔。
洗心革面，不做好人！"
89,深圳,周健,广东,男,你生活的起点并不是那么重要，重要的是最后你能到达哪里。
90,潍坊,拾光,山东,男,
91,温州,发评论店铺名12小时内处理耐心等,浙江,女,24小时内返现 莫慌！ 早9点半晚10.30 其他时间留言哦 只返一次的
92,洛阳,石学民,河南,男,13849972708
93,,A大兴宝典周小娇,,不明性别,雪佛兰，别克专卖18025381321
94,洛阳,han,河南,男,永不放弃
95,新乡,荒村听雨,河南,男,你可以不务正业，但你不可以不学无术！
96,洛阳,希望～留给希望的人,河南,男,人生如戏，系平安
97,洛阳,小小温儿,河南,女,
98,,阁阁,,女,
99,深圳,木生,广东,男,
100,广州,AA 萧萧名汇名表,广东,女,高档名表质量保证诚信经营售后无忧支持全国顺丰包邮需订金100元
101,太原,zx,山西,女,
102,深圳,容,广东,女,
103,临沂,羽柴 空,山东,男,
104,南京,奋斗,江苏,男,一无所有是一种财富，它让穷人产生改变命运的行动。
105,洛阳,雁,河南,男,我是我
106,洛阳,随缘,河南,不明性别,我爱我家
107,,KMAOAK,,不明性别,
108,洛阳,糊涂劲,河南,男,笑对人生
109,洛阳,毕家琪,河南,男,心想未必事成，但若无理想人生又有何意义。
110,海淀,LeoYang,北京,男,Time is running.
111,深圳,石头 弘利琴行 谭德平,广东,男,诸恶莫作 众善奉行
112,洛阳,白苏@abc,河南,男,子非鱼，焉知鱼之乐...
113,淄博,爱拼才会赢g,山东,男,人生再美，怎如初见。当生活把我们打哭，活着，就要热烈而美丽.
114,,李文文,,女,
115,,马营波,,男,平若水，直似衡！
116,,郑岳飞,河南,男,
117,沈阳,"outlier ,",辽宁,男,慢热。最长情的白水
118,深圳,沐风,广东,男,能够承载多少过去，就会创造多少未来。
119,,牛恩利,,男,犯其至难，图其致远。 你所经历的都是别人夺不去的财富。
120,深圳,.′ViVi 、,广东,女,心向阳  积极面对一切 
121,深圳,庭歌艺术培训,广东,女,你正好需要，我们正好专业；庭歌六年办学口碑！电话1511230886。
122,深圳,小海洋,广东,女,
123,福州,双子座,福建,男,天上下雨地下流.你不爱我我不求.塘中鱼多水不清.现在女人真讨厌
124,深圳,GQY,广东,男,
125,,,,男,时光流逝…
126,洛阳,从骨至筋,河南,男,
127,朝阳,王博,北京,男,许你一世安暖
128,,张柯,,女,好，很好，非常好
129,西安,MarinaJi,陕西,女,看未来，看世界
130,深圳,曹洪福（慧尚品包销互联网商城）,广东,男,"善心、善念、善行～上善若水任方圆
帮企业去库存、帮个人快脱贫"
131,洛阳,群子,河南,女,你若安好，便是晴天！
132,福州,灯塔,福建,男,
133,洛阳,天乐,河南,男,乐
134,,刘青文,,不明性别,
135,洛阳,A中国平安刘森磊13693790527,河南,男,平安信用卡开放办理了，有需要的可以找我
136,,周盒子,,男,
137,北海,阿宇,广西,男,
138,洛阳,温暖人心的风,河南,男,朱军峰
139,郑州,哈哈,河南,男,老婆，我爱你！
140,洛阳,暗夜丨阑珊,河南,男,
141,,小贝,,女,没有什么你不值得拥有
142,青岛,鹏程万里广告,山东,男,...
143,,何方,,男,forever  。。。 。。
144,深圳,陈平-爱知孩-爱之海,广东,男,爱之海：声乐儿歌动漫游戏；爱知孩：早教机器人母婴用品研发销售
145,洛阳,闻闻嗅嗅,河南,女,如今最好，没有来日方长。
146,商丘,周荣国,河南,男,路虽远，行者必至；事虽难，做者必成！
147,洛阳,宝霞,河南,女,15537980096
148,深圳,深华园艺,广东,男,深圳市深华园艺
149,深圳,快递达仁,广东,男,鹏
150,通州,梅花鱼,北京,男,www.guguan.ren
151,洛阳,Mr three,河南,男,踏实一些，不要着急，你想要的，岁月都会给你。
152,深圳,Lewis,广东,男,Actions speak louder than words 
153,张家口,A93致尚视觉,河北,男,新的一年新的开始，努力努力在努力
154,洛阳,顽皮豹,河南,男,
155,,A96Rose,,女,酷的像风野的像狗，不招人爱倒也自由。
156,洛阳,王翊 平安金融13303882158,河南,女,办理车险，人身保险，贷款，证券，银行业务13303882158
157,中山,烟花易冷79,广东,男,等着呢？
158,洛阳,邓双玲,河南,女,。。。。。。
159,洛阳,韩锋,河南,男,天道酬勤
160,揭阳,aewenter,广东,男,天降大任于斯人，必先苦其身，劳其筋，饿体肤，空乏身……
161,常德,做设计的老伙计_淼,湖南,男,部队内供酒出售
162,深圳,冒,广东,男,
163,洛阳,碧晴,河南,女,当你无所畏惧时，你会怎样
164,泉州,红,福建,女,
165,平顶山,西伯利亚狼,河南,男,
166,深圳,廖老师,广东,男,13332926356
167,洛阳,消防员,河南,男,风吹来，吹落天边昏黄的太阳
168,深圳,吉利吉祥盛      小曾,广东,男,不刷屏！
169,黄浦,Michael齐坤鹏,上海,男,人寿险、财产险，找工作可咨询我96
170,上饶,9899完美人生-刘辉,江西,男,平时滴入一滴水，难时拥有太平洋
171,洛阳,A雪的絮影,河南,女,人生伟业的践行，不在能知，而在能行。
172,洛阳,萌动e族,河南,男,
173,深圳,守蕊人,广东,男,你若不离，我便不弃^_^
174,,支手之音,河南,男,
175,商丘,@震,河南,男,
176,深圳,栋梁里的蛀虫,广东,男,
177,洛阳,峰,河南,男,逝去的青春
178,深圳,勿忘心安,广东,男,不忘初心，方能始终。
179,洛阳,97MARS97,河南,男,低调做人，高调做事。
180,深圳,fogman,广东,男,
181,孝感,雪羽飞扬,湖北,女,风轻轻吹……
182,孝感,黄呵呵,湖北,男,Give me five
183,洛阳,石莉（国家一级理财规划师),河南,女,您身边的理财专家，联系电话13838850648
184,,程,,不明性别,
185,西安,刘创,陕西,男,
186,浦东新区,志豪,上海,男,
187,洛阳,芷-_-:)牵挂,河南,女,手机号18001924550
188,郑州,希07,河南,女,非淡泊无以明志，非宁静无以致远。
189,深圳,韦艳菊(Grape),广东,女,选择比努力更重要。
190,广州,镆胺绫,广东,男,有了爱就有了一切！
191,,三年97,山东,男,
192,永州,龙卷风,湖南,女,
193,毕节,VinceTso,贵州,男,
194,洛阳,浩哥,河南,男,
195,洛阳,细水长流,河南,女,若是美好，叫做精彩；若是糟糕，叫做经历。
196,洛阳,柳佳,河南,女,愿你的青春不负梦想，愿你活成想要的样子，你的坚持，终将美好！
197,Port Lincoln,蔚海波,South Australia,男,其实很多时候都是徒劳无功的
198,洛阳,花儿18003884692,河南,女,
199,深圳,陈晋桥,广东,男,人生重要的不是努力，而是方向！
200,,张树鹏,上海,男,男人因孤独而优秀！
201,深圳,A朗朗A,广东,男,自信，淡定，
202,昌平,海阔天空,北京,男,
203,,花门花信,,男,你永远不知道爱你的人在为你胡思乱想的时候有多难受！
204,,海阔天空,,不明性别,海阔天空
205,洛阳,爱我所爱,河南,男,生活就像海洋，只有意志坚强的人，才能游到彼岸！
206,三门峡,王欣,河南,男,
207,,刘静,,女,
208,金华,韩芘旗舰店,浙江,女,返现的直接联系我哦，有时候在忙可能回复有些慢
209,十堰,奋斗,湖北,男,
210,洛阳,落微,河南,女,安放一帘清梦，相伴清宁时光。
211,赣州,我就想看看名字能够有多长,江西,男,Miss
212,海淀,刘旭,北京,男,2017，新的开端，努力工作！
213,长春,o(07^｀),吉林,男,。
214,洛阳,杨彦忠,河南,男,
215,深圳,bey,广东,男,人生在世，本心要拎得清楚
216,,播妞,,女,想要学习资料嘛，找我就对了
217,信阳,董继,河南,男,
218,深圳,桂桂,广东,女,哦里
219,,→_→,,男,
220,洛阳,宋慧玲,河南,女,
221,洛阳,木头人,河南,男,
222,广州,大兵,广东,男,不要为失败找借口，而要为成功先出路……
223,长沙,@@,湖南,男,宁愿哭着一路向前，也不愿笑着错失良机
224,洛阳,自由行走的花,河南,女,
225,洛阳,邵开,河南,男,人之所以痛苦，在于追求错误的东西。
226,洛阳,莲心,河南,女,平安是福
227,浦东新区,Y简单、可依赖,上海,男,阳光那么好、何必自寻烦恼--
228,深圳,bu~diu,广东,女,愿你笑靥如花，生活充满阳光和香气.sl
229,,90恬淡,,不明性别,无心恰恰用，用心恰恰无
230,邵阳,华仔天地,湖南,男,一个人的故事
231,深圳,云冲,广东,男,18118768802录音棚，新萌力音乐、非洲鼓、尤克里里，亲子课
232,深圳,Apple,广东,女,学舞蹈，美术，语言表演，器乐来腾飞艺术。做有态度的艺术机构！
233,朝阳,薛国良,北京,男,
234,,明天会更好,,男,你需要有严谨的纪律性！
235,昆明,Z乾],云南,男,宝贝，我爱你！么么哒！
236,,创鑫时代旗帜部罗建,,男,
237,,Loui,,男,
238,大兴,水墨丹青,北京,男,诸般勤劳都有益处，嘴上多言乃至贫穷。
239,深圳,aurth,广东,男,日光之下，再无新事
240,洛阳,王彬,河南,男,
241,朝阳,young,北京,男,以诚待人
242,,秋风悲画扇@,,女,从前慢
243,Brevard County,星艺装饰余小吉,Florida,女,
244,,雪绒花,,女,诚心待人，用心做事！
245,广州,琉檬菇凉,广东,女,
246,长宁,乐乐,上海,女,充实就是生活……
247,黄石,Huang小佩,湖北,女,
248,福州,孟德强,福建,男,如果可以，我希望我们都会变得强大，然后选择做一个温柔的人。
249,衡阳,清风,湖南,男,
250,松江,信号旗,上海,男,变化
251,苏州,飞,江苏,男,飞
252,,MT,,男,挺好的。
253,洛阳,不要被过去牵绊,河南,女,"<span class=""emoji emoji1f60a""></span><span class=""emoji emoji1f60a""></span><span class=""emoji emoji1f60a""></span><span class=""emoji emoji1f60a""></span><span class=""emoji emoji1f60a""></span><span class=""emoji emoji1f60a""></span>"
254,,bird,,女,爱出者爱返，福往者福来！
255,洛阳,Ronaldinho,河南,男,终有若水替沧海，再把相思寄巫山。
256,洛阳,青一蝠王,河南,男,犹豫     勇气
257,深圳,官官官官晴,广东,女,
258,黄浦,清风徐来,上海,男,
259,,西,,女,只有知道如何停止的人，才知道如何加快速度
260,潮州,黄大涵、,广东,男,。
261,广州,菲斯（Carina）,广东,女,"嫁
给
爱
情
才
是
最
幸
福
的
样
子
！"
262,周口,张俊杰,河南,男,愿你走出半世，归来仍是少年。
263,洛阳,SMILE2U,河南,男,what do you believe
264,深圳,华夏信用卡，贷款彭振,广东,男,真诚待人，认真做事
265,洛阳,苹果97,河南,女,"呵呵！<span class=""emoji emoji1f63b""></span><span class=""emoji emoji1f63b""></span><span class=""emoji emoji1f63b""></span>"
266,,陈宁(小),,不明性别,
267,洛阳,洛阳辉美电磁加热生产商,河南,女,
268,洛阳,梁  毅,河南,男,家有小孩，选一加一天然面粉
269,西安,叶林,陕西,男,
270,洛阳,张俊海,河南,男,
271,洛阳,Tian,河南,男,权，然后知轻重；度，然后知长短。物偕然，心为甚。
272,中山,生活本应有梦,广东,女,夕阳无限好，努力挣大钱。
273,杭州,设计\Hexi聪,浙江,男,爱设计更爱小燕子
274,,人事 江小姐 93,Tipperary,女,"小仙女 诚信买卖，诚招代理<span class=""emoji emoji1f497""></span>"
275,深圳,Wuli92雯雯,广东,女,亲爱的，你要努力，你想要的，要你自己给自己
276,深圳,薇雨斜阳,广东,女,向日葵一样的人生，阳光灿烂。
277,洛阳,光大银行信用卡,河南,男,免费办理光大信用卡
278,房山,九思96,北京,男,九思：思明、思聪、思温、思恭、思忠、思敬、思问、思难、思义。
279,,王振枫,Salzburg,男,
280,浦东新区,胡永杰,上海,女,以平常心，待人，待物。愿人生只是如初见。
281,珠海,Miki 青猫,广东,女,不想当运营的采购不是好的创业者
282,洛阳,晨雨微醺,河南,女,
283,海淀,王艺博,北京,男,还有很长的路要走，还有很多梦想要实现
284,深圳,阿涛,广东,男,
285,烟台,草之魂,山东,男,多幸运
286,泸州,杨帆,四川,女,永不消沉知难而上。
287,洛阳,考试书店,河南,男,今天更努力
288,沈阳,蒋金哲,辽宁,男,
289,邵阳,Yuan-涛,湖南,男,ξ拼的真是年轻？
290,深圳,Gang Yi,广东,男,努力工作，认真生活。平淡是真，安稳是福。
291,,流年似水,,男,过往不恋，未来不迎，当下不负，如此安好
292,,マ雪音メ,,不明性别,
293,洛阳,京都医疗,河南,男,癌症只是一类与冠心病、糖尿病类似的慢性病。
294,,尚上广告传媒 何淳勇18079570864,Cork,男,
295,宁波,韩小兵号满加44000207,浙江,男,精力有限，暂不提供免费咨询，理解万岁
296,无锡,sundatey,江苏,女,一切都是最好的安排
297,广州,尧,广东,男,一天比一天累，时间不够用
298,,轩奶奶,,不明性别,爱跳舞健康美丽大姐
299,深圳,A音乐黄老师,广东,男,
300,芜湖,张成,安徽,男,......
301,杭州,Syliva,浙江,女,灵魂香气
302,深圳,东风华艺音乐培训中心,广东,女,专业音乐培训声乐，吉他，钢琴，古筝小提琴等，电话13928485976
303,洛阳,^_^低调(^ ^),河南,男,
304,厦门,为人民服务,福建,男,
305,,茶花,,男,艺术以自我意识为中心，设计以市场需求为中心
306,深圳,开心的笨小孩,广东,男,有理想在的地方，地狱就是天堂；有希望在的地方，痛苦也成欢乐。
307,郑州,鹰击长空,河南,男,13603964049
308,深圳,李达,广东,男,
309,佛山,沉默,广东,男,曾经的承诺如过往云烟，火柴最为美丽的时候是他它燃烧的哪一瞬间
310,朝阳,月上海棠,北京,男,这不经意的片段 是我预谋的偶然。。。。。。
311,石家庄,魔法师,河北,男,人生自信五百年
312,,随意,,男,
313,滨州,Lemon,山东,男,
314,深圳,陈宁,广东,男,爱，是一种能力。
315,南通,祁栎荣,江苏,男,
316,深圳,飞,广东,男,没经历不代表没经验！
317,,A07周先生,,不明性别,已婚
318,深圳,丑小鱼,广东,女,
319,静安,张小中,上海,男,人活着 就是要摭腾 建立自我 追求无我
320,,āáǎà,,男,
321,眉山,A鼎好数码18381199911,四川,男,高价回收全新 二手 手机 维修 刷机 解锁白条 花呗 信用卡取现
322,洛阳,隆兴驾校小坡,河南,男,
323,深圳,非一日之寒,广东,男,蓦然回首
324,深圳,99,广东,男,谁又没有个故事呢？
325,洛阳,白银时代,河南,男,不能说的太多 学着天空一样沉默
326,深圳,nickle.   fly ,广东,男,相识就是缘
327,济南,隋永富,山东,男,
328,洛阳,洛阳---阿满,河南,男,最熟释的默生人，戏还要演下去吗?
329,,小倩,,女,踮起脚尖仰望漫天飞舞的飘雪
330,东莞,A0-温晓,广东,男,我是个迷途知返的小羊羔。。。
331,朝阳,周帅锋,北京,男,以诚相待
332,深圳,杨涛,广东,男,你若微笑  便是晴天
333,洛阳,杨阳,河南,男,
334,,龙龙,,不明性别,
335,洛阳,中国太平王莉13598458815,河南,女,知佛法得开心果。保险是科学的慈善制度，太平吉祥！
336,深圳,ET,广东,男,待如果那个人值得我珍惜，我便会一往情深
337,丰台,Thinkgamer,北京,男,公众号：数据与算法联盟，欢迎关注，一起探讨技术，摄影，文字。
338,深圳,欧雅蛋糕店15361546738,广东,男,微信购买蛋糕更优惠，预订电话：15361546738
339,,堂妞,,女,要资料的小伙伴主动问我要一下，可能有时忙无法及时回复，望见谅
340,,夜梦星,,不明性别,
341,深圳,Voix703  Wong,广东,男,常年开设：吉他 架子鼓 声乐 钢琴 尤克里里 小提琴 
342,信阳,26242224,河南,男,
343,东莞,张  超,广东,男,、珍惜眼前人
344,郑州,刺刺,河南,男,有一个夜晚，我烧毁了我所有的记忆，从此我的梦透明了
345,澎湖县,局长是我别开枪,台湾,男,取次花丛懒回顾，半缘修道半缘君
346,大连,可口不可乐133-2222-6056,辽宁,男,韩国、日本、加拿大、美国，新加坡等诸多国家工作及留学…13322226056
347,深圳,柯尊勇,广东,男,
348,太原,大胃王,山西,女,新的蜕变
349,深圳,KK～匡框 15517609095,广东,男,一切都是最好的安排…
350,深圳,Grace,广东,女,专注工作，纯粹生活
351,白银,徐梓超,甘肃,男,种一棵树的最佳时机无疑是在多年以前，其次，就是现在。
352,,被爱遗忘的人,,男,
353,,91,,男,，，，
354,洛阳,路人甲,河南,男,13962621794.13771425890
355,深圳,东风华艺罗湖总店邓老师,广东,男,"罗湖金光华音乐<span class=""emoji emoji1f3b5""></span>培训，培训项目:唱歌，钢琴，吉他，古筝乐器"
356,咸宁,Crazyay,湖北,女,
357,深圳,湛开慧07,广东,男,
358,,纪亚强,重庆,男,
359,郑州,等等等,河南,女,简单
360,,nenny,,女,做人踏踏实实，做事认认真真…爱自己，爱生活
361,,曾顶天,,男,接受我沉痛的哀悼 也接受美好的祝福
362,宜春,程程96,江西,女,"<span class=""emoji emoji1f63d""></span>青春"
363,深圳,声乐周玉红,广东,女,13631539019 玉，琢而成器。
364,深圳,小米,广东,女,
365,九江,喻子青,江西,女,今天的收获是过去的结果。
366,西安,泡芙,陕西,女,夜再黑也总有天亮的一刻！
367,常州,Sky,江苏,男,忍耐克己
368,深圳,A财神到,广东,女,属于你的，没人能拿走；能拿走的，都不属于你……
369,深圳,95,广东,女,道里悠远，山川间之。
370,洛阳,潦草,河南,男,
371,永州,～专业0首付～宝捷车行～黄湘桂,湖南,男,懂得珍惜，才配拥有
372,汕尾,旋律,广东,女,因为有你关注的目光～我才得以前进
373,洛阳,荒岛,河南,不明性别,      偶尔对人生过敏
374,,张老师,,不明性别,
375,,巫妖王妃*^O^*,,女,毕业毕成狗
376,朝阳,魔法视觉学院,北京,男,
377,武汉,红豆酱,湖北,女,说不说一样！做不做是我的事
378,广元,Aoo  90 92 95,四川,男,免佣代理深圳 惠州 中山 东莞 珠海一手楼 ，投资收购整栋农民房
379,洛阳,天涯,河南,男,爱石榴！
380,深圳,郑宝莲,广东,女,命中缺钱
381,深圳,Jason_Chan,广东,男,Zero To One！
382,Darwin,弈。,Northern Territory,男,人生就是一场荒芜的旅行。
383,东莞,雪佛兰陈小秋,广东,女,
384,深圳,你听我说.,广东,男,宁做风流狗，不做痴情种。
385,泸州,A0001联合共赢许茂13590194170,四川,男,心静一切都会好，迎难而上。
386,杭州,林,浙江,男,给我一张好脸，创造一个民族
387,洛阳,香香96,河南,女,
388,南京,黄博文的小迷妹,江苏,女,要勇敢~
389,,姣,,女,
390,洛阳,财神到18037626086(中信银行),河南,男,^_^
391,永州,云杉荣威~张石来13316561763,湖南,男,天道酬勤
392,孝感,林枫,湖北,男,我就是我
393,郑州,刘小炜,河南,女,我要过上自己想要的生活。
394,成都,下一秒,四川,女,还能笑的时候一定要笑，因为笑是最便宜的药。
395,广州,The Answer,广东,男,答长远，行更远。
396,海淀,石榴君,北京,女,
397,,傲逝灬流年,,不明性别,
398,,skylar95,,女,"Oh,captain,my captain!"
399,洛阳,Word骨头,河南,女,珍惜现在，不忘初心。
400,,领悟,,女,
401,广州,wty,广东,男,
402,佛山,美美,广东,女,"一个用心、一个执着。
用心的人改变自己、执着的人改变命运。"
403,深圳,解眉,广东,男,像我这样的人
404,深圳,Carina,广东,女,即使心里翻天覆地，也要装作一副淡然的样子。
405,,茵,Tyrol,女,
406,,感恩の心,,男,努力工作
407,洛阳,洛阳易迪教育王老师,河南,男,洛阳易迪教育工商劳动部门批准正规培训学校，专注资格证报考培训
408,金华,6K腹肌小伙子℃,浙江,男,
409,洛阳,LY,河南,男,
410,商丘,A、残念,河南,男,扯淡得誓言，
411,洛阳,流水无情,河南,男,
412,,华,,男,男
413,太原,牵缘盟蝶,山西,男,梦
414,岳阳,子寒三水,湖南,女,戒骄戒躁
415,深圳,吉顺吉利汽车，小倪,广东,女,
416,深圳,A0比亚迪销售李钇威15976885610,广东,男,比亚迪唐、秦免摇号，直接上深圳牌，详情可致电联系:15976885610
417,洛阳,91王泰霖91益善堂足疗,河南,女,"<span class=""emoji emoji2665""></span>益善堂足疗养生店长期招聘足疗技师，养生技师<span class=""emoji emoji2665""></span>"
418,深圳,Y黄豆豆,广东,男,"人生路上这点痛，算什么，擦干泪，不要怕，至少我们还有梦<span class=""emoji emoji2665""></span>！"
419,邢台,时光有你,河北,男,十里春风不如你……
420,大连,时间都去哪了,辽宁,女,手机pos机，无需外置设备，费率低，免费安装，秒到账。
421,,男装,,男,亲点亮全5分截图噢，再发下订单编号或旺旺名，我们查看后3元红包
422,,好评截图发我，人多顺序发放，谢谢,,不明性别,请不要在旺旺上联系，晒图不要把卡片拍出来，非常感谢，万事如意
423,广安,A@.97 顽皮的我顽皮的玩。,四川,女,红了眼。
424,惠州,Yoki      26242224,广东,男,"别

看

了

，

过

得

挺

好

的"
425,福州,郑梦玲,福建,女,
426,,Jason,,男,
427,深圳,勇敢的心,广东,男,爱情36计
428,,洁，韵,Paris,女,
429,深圳,东风华艺南山店陈老师,广东,男,0零基础唱歌，吉他，钢琴，古筝专业培训！18682397408陈老师
430,合肥,ZZ,安徽,男,
431,深圳,易盛文化传播有限公司,广东,男,吉他 尤克里里 ukulele 培训 销售
432,Port Lincoln,98 93 找找Montage,South Australia,男,越努力，越幸运！
433,红桥,李明,天津,男,
434,深圳,Lee太后,广东,女,简单生活 平凡之路
435,洛阳,飞尘,河南,男,飞
436,黄浦,。林禾。,上海,女,样子妖娆 眼里有光 内心安详…
437,,铮铮铁骨,,男,真理即存在，存在即真理。
438,深圳,梁泽斯,广东,男,
439,,A000浙商银行陈炎兴,,男,
440,,L95L。,,女,遇见的都是天意。 拥有的都是幸运。
441,盐城,陌离,江苏,女,从未奢求过什么，一直在努力。
442,深圳,春雨,广东,男,愿与你携手，散步黄昏下
443,成都,Embellishment,四川,女,
444,,学不会伪装,,女,有时候会感到莫名的伤感
445,长治,AA99提线木偶,山西,男,
446,广州,养身馆紫琳,广东,女,
447,,明明,Kerry,男,
448,石家庄,嘉沃JW  常兵兵,河北,男,
449,,静,,不明性别,念起即觉，觉即不随
450,济南,亚杰房,山东,女,与人为善  处事谨慎
451,,深圳吃喝玩乐 乐乐,,不明性别,
452,长沙,up,湖南,男,"<span class=""emoji emoji2600""></span> <span class=""emoji emoji2600""></span> <span class=""emoji emoji2600""></span> <span class=""emoji emoji2600""></span> <span class=""emoji emoji2600""></span> <span class=""emoji emoji2600""></span> <span class=""emoji emoji2600""></span>"
453,深圳,A-96吴雯96,广东,女,转角遇见＂＂91改变不了曾经沧海的诺言
454,深圳,东风华艺罗湖总店〖中士〗,广东,男,深圳专业培训唱歌钢琴吉他古筝架子鼓乐器教学-13316965365
455,连云港,无颜N,江苏,女,美好时光
456,,Teresa,Paris,女,以梦为马，随处可栖
457,武汉,yuoboo,湖北,男,希望将来有那么一天，不再为了生活而出卖时间，Fighting！2016
458,杭州,YOU选郝经理,浙江,男,YOU选   郝经理   15611691234
459,衡阳,zippsun,湖南,男,愿每一天都过得有回忆！
460,,大咖91,Yamaguchi,男,只谈艺术，不懂政治。
461,邵阳,liuping,湖南,男,
462,洛阳,阳哥,河南,男,阳哥
463,襄阳,孤独的复仇者,湖北,男,"没有灵魂的身体,如同飘散的羽翼!没有身体的灵魂,自是无声的悲鸣!"
464,,风95,Busan,男,be yourself
465,,麦小兜,,女,相信就会看见！
466,昆明,三文不是鱼,云南,女,迎面是海风
467,,adili.,,男,
468,沈阳,猫丫头,辽宁,女,你要保守你的心，胜过保守一切，行走保持向上的心态～
469,海淀,张冠军,北京,男,梦在远方，路在脚下
470,深圳,心情透明,广东,男,相知无远近，万里亦比邻
471,,呵明天你好,Paris,男,我心向上，必有灿烂的果
472,深圳,森娟,广东,女,
473,深圳,A吉利吉祥盛-许泰,广东,男,销售赢天下，服务定江山
474,漯河,会飞的布加迪威龙,河南,男,相信自己。相信明天。相信未来
475,,酒三,,女,还好，我还可以向前看。
476,,Yaya97,,女,散沫花
477,深圳,王荣,广东,女,对自己苛刻，是让自己更加优秀
478,,阿璐欧尼96,,女,"一生所求^O^爱与自由，你与温柔<span class=""emoji emoji2665""></span>"
479,开封,苏聪,河南,男,
480,清远,王家小飞飞,广东,男,生活要不断前行，有时可以慢点走，但绝不能停下来！
481,,Noel sans toi,Paris,男,没有舞台的小丑只是一场笑话.
482,深圳,龙吟,广东,女,专注于艺术教育，托辅，新萌力音乐，尤克里里，非洲鼓，录音棚
483,Peterborough,掌门1对1班主任，李菲,England,女,100%好老师，200万家长学生的共同选择，欢迎电话联系15721579685
484,芜湖,小菜鸡不怕,安徽,男,fade
485,深圳,亮,广东,男,天行健，君子以自强不息。
486,,邮储银行白露露18737975257,,男,永远不要后退，退到最后无路可退
487,苏州,MT song 马特松,江苏,男,
488,揭阳,陈佳铨,广东,男,心若澄澈秋水，行若不系之舟。
489,太原,小骆驼,山西,男,高德
490,长春,Vampire,吉林,男,
491,洛阳,阳光帅气的李总,河南,男,"<span class=""emoji emoji1f339""></span><span class=""emoji emoji1f339""></span><span class=""emoji emoji1f339""></span>寻找50位有梦想志同道合的人共同创造精彩人生<span class=""emoji emoji1f4aa""></span><span class=""emoji emoji1f4aa""></span><span class=""emoji emoji1f4aa""></span>"
492,,兜兜里有糖糖 95,北京,女,生活百般滋味，人生需要笑对^_^
493,,凡湮Yeah~振,Clare,男,好看的皮囊千篇一律 有趣的灵魂万里挑一
494,浦东新区,黄方闻,上海,男,把，每一件事，做到极致。
495,宿州,猫耳朵,安徽,女,为什么我一直在坑自己[捂脸]
496,汉中,哈喽moto,陕西,男,摇啊摇
497,深圳,黄振奇,广东,男,
498,深圳,筝韵琴行,广东,女,筝韵琴行 连锁机构 专业乐器培训13424393231
499,,么么,Dubayy,女,能享受独处，不承认孤独
500,深圳,初夏95,广东,女,
501,,奥利奥,贫民窟,男,对你的承诺，不会忘。
502,苏州,无人岛,江苏,男,
503,浦东新区,LanSniper,上海,男,一个人能有多不正经，就能有多深情
504,深圳,斑99,广东,女,旧时天气旧时衣，只有情怀不似，旧家时。
505,长沙,小尘埃90,湖南,女,与其在黑夜抱怨，不如提灯前行
506,深圳,凯斯酒店（东门店）,广东,女,
507,,tzl,,女,"双鱼座的女生都是这么缺乏安全感的吗？反正我是挺缺乏安全感的<span class=""emoji emoji1f639""></span>"
508,深圳,SHYING,广东,女,只是个妹纸。
509,,哈哈哈,,女,有事烧纸
510,,lalala～～～,北京,女,
511,,我是大伟,北京,男,要努力
512,石家庄,一,河北,男,
513,汕尾,阿夹,广东,男,
514,珠海,/KEYS,广东,男,
515,常州,威信不锈钢 15618192788,江苏,男,不锈钢棒材、型材、管材、封头以及不锈钢配件。
516,贵阳,我和一百只邓次次,贵州,女,
517,揭阳,不再装逼03,广东,男,树叶的一生
518,宁波,兔子,浙江,男,渡人渡己
519,深圳,毛毛虫,广东,男,加油！
520,广州,YY的天空,广东,女,
521,舟山,让我铭记那一刻,浙江,男,天塌了，地陷了。只要没倒，那就站起来。人生实苦，足够相信。
522,深圳,雨凡Y 6961636768626964636263,广东,男,福田新奥奥迪销售顾问黄雨凡，电话:13590416545。
523,深圳,琴,广东,女,
524,三门峡,杨鑫源,河南,男,下一个风口浪尖
525,,小秦,北京,男,
526,,皇阿玛,,男,
527,,丫淳,,女,像处女座的射手座～
528,朝阳,WALRE猎头 |Andy石磊,北京,女,成功的奥秘在于目标的坚定
529,洛阳,婷婷,河南,女,
530,,moggy,,女,
531,揭阳,胡,广东,男,13332955195
532,河源,陈玉婷~,广东,女,
533,,超,,男,One world one dream！
534,惠州,A旺华吉利马丽英,广东,女,买吉利就找我，价位绝对放心，电话13502284707
535,深圳,俊,广东,男,有你生活更精彩
536,深圳,甜甜,广东,女,抱歉，忽略了所有。。。
537,苏州,小棉袄96,江苏,女,小公主
538,衡阳,高来,湖南,男,人间有味是清欢
539,深圳,Elaine*孟,广东,女,灿烂千阳
540,深圳,李铎,广东,男,
541,,张享达,,男,世上只有一种英雄主义，就是在认清生活真相之后，依然热爱生活。
542,沈阳,一倾,辽宁,男,"心见欢喜便是缘，一倾天下终定情。 <span class=""emoji emoji1f339""></span>"
543,珠海,深情不及久伴94,广东,女,"时间带来你，而你是一切。用自己喜欢的方式度过一生。<span class=""emoji emoji1f495""></span>"
544,,回忆，，潇潇洒洒！,,男,
545,周口,Pythoner,河南,男,最怕你一生碌碌无为，还安慰自己平凡可贵。
546,成都,小罗不会玩,四川,男,成为有影响力的人
547,扬州,AAA李健 螺杆空压机,江苏,男,人一定要靠自己！
548,,coco,,男,
549,张家界,云溪-小芳,湖南,男,张家界云溪禅意酒店，源于湖南千年古寺夹山寺，体验禅茶文化
550,洛阳,io,河南,女,
551,,wealthy,,男,你是一切的根源，今天的结果都是你自己向宇宙下订单得来的！
552,抚州,淑丫头,江西,女,做一株向日葵，即使在夜里，也默默的坚持
553,惠州,Cindy,广东,女,"海蓝时见鲸<span class=""emoji emoji1f433""></span>"
554,邯郸,王汇,河北,男,最后一公里。坚持。
555,五指山,我们不一样不一样,海南,男,萍水相逢，尽是他乡之客，关山难越，谁悲失路之人
556,浦东新区,张卫娟,上海,女,    ――《追风筝的人》
557,洛阳,玉,河南,女,假如人生有如果，不如不相识
558,,oO期,Dublin,女,oo
559,黄冈,韩路--厚街吉利,湖北,男,缘分是本书，翻得不经意会错过，读得太认真会流泪
560,洛阳,.,河南,女,Don't like to smile because you are used to crying.好累。。
561,柳州,下学而上达,广西,男,"<span class=""emoji emoji1f60a""></span> <span class=""emoji emoji2600""></span> <span class=""emoji emoji2600""></span> <span class=""emoji emoji2600""></span>"
562,许昌,许欣,河南,女,
563,深圳,宸妃,广东,女,不负如来
564,,LI MAN 李曼,,女,越努力越幸运
565,许昌,四禧,河南,女,"<span class=""emoji emoji1f308""></span><span class=""emoji emoji1f451""></span>"
566,,大雄,Kerry,男,2018好运来吧！也祝大家好运多多！
567,南京,I can fly,江苏,女,开心就笑。难过就哭。
568,,BMW 张,Tyrol,男, 幸福不会缺席，只会迟到。
569,宿州,一花一世界,安徽,女,
570,长春,98小手拔凉,吉林,男,习惯所不习惯，慢慢都会习惯
571,哈尔滨,小鬼。,黑龙江,女,"<span class=""emoji emoji2600""></span>卡西亚"
572,六安,小安15201836464,安徽,女,
573,,【LOVE 文】晓乐,,男,
574,,BonnenuIt,Dubai,男,勿忘初心方得始终
575,东莞,苏军,广东,男,"愿
走
出
半
生
，
归
来
仍
是
少
年"
576,,王中玉,,男,一切都是最好的安排。
577,,Canace,,女,最好看的天空在你撑伞的雨里(*°2707°27*)нарру79
578,,倩影,,不明性别,
579,长沙,Phoenix,湖南,女,Be the change you want to see in the world.
580,洛阳,李成龙,河南,男,并不时常想起，但却不曾忘记。
581,济南,      不完美！,山东,女,
582,广州,初晴,广东,女,人生若只如初见，何事秋风悲画扇
583,洛阳,高嘉屿,河南,男,也无风雨也无晴！
584,,王春童,,男,每个成功的背后都是一段咬牙切齿的坚持。
585,上饶,小智【品牌设计师+插画设计师】,江西,男,品牌设计师+插画设计师
586,洛阳,君千殇,河南,男,一念轮回君千殇
587,肇庆,wing,广东,男,产品设计
588,,采蘑菇的小菇凉,上海,不明性别,
589,朝阳,Olo骚包,北京,男,凸凸 凹凹。凸
590,成都,曾珍,四川,女,大家走过最多的路就是彼此的套路，嗯，没毛病
591,黄浦,张小波 | 戊辰设计08,上海,男,张小波字体设计课堂第14期，12月25日开课，课程预约报名中。
592,闵行,蔡嘉奇,上海,男,
593,广州,学聪,广东,男,
594,九江,赵泉生,江西,男,朝于斯，夕于斯，流离于斯，颠沛于斯
595,深圳,啊A哦哦哦96,广东,男,
596,广州,Keen,广东,男,念念不忘，必有回响！
597,,哦,,女,自由，是我的命
598,洛阳,贾晓辉17630367888,河南,男,办理信用卡，贷款，车险，理财等一切金融业务
599,,阿僧咯,Burgenland,男,犹如经厉过寒冬的野韭菜，给点阳光总能再次生长
600,,D,,男,
601,洛阳,玩的就是心跳,河南,男,没个性没签名
602,菏泽,91,山东,女,没有实现不了的梦想，也没有到不了的远方。
603,,虎门Car sales 吴焕尧,Paris,男,广汽菲特汽出身大牌但^甩大牌，^δ悴欢的x
604,,文馨唯 Serena 15899882250,,不明性别,"立德、立功、立言！ <span class=""emoji emoji1f495""></span><span class=""emoji emoji1f449""></span>9115899882250"
605,,李景XZI,,不明性别,
606,,02ndern,Bayreuth,男,Sei ein gutes Selbst!
607,,94 脑__格 94,,女,"<span class=""emoji emoji1f338""></span>您的好友脑盘格式化 <span class=""emoji emoji1f38f""></span>"
608,深圳,净水器管线机滤芯罗艺18576621100,广东,男,"睿景辰净水器代工厂，空净，前置，管线机滤芯,罗艺13048991144"
609,深圳,诗酒趁年华,广东,女,借酒装疯。
610,洛阳,孟红卫泰康医养代表13403798067,河南,男,您的平安我的承诺
611,南开,菜菜木,天津,女,喜欢的事自然可以坚持～
612,深圳,夏,广东,女,阿飘～
613,深圳,C5,广东,男,no.yes
614,洛阳,福音7979,河南,女,人生经历也是一种财富 所以遇到坎坷 就当是在累积财富吧
615,,一坨,Paris,女,睁开双眼做场梦
616,,X,,男,一道坎
617,,123,Limerick,女,。
618,,和光同尘,,男,靡不有初 鲜克有终
619,深圳,Olddriver,广东,男,设计不在地上，不能随便捡，所以带价私谈
620,,做你的小妖精,Kerry,女,对身边的人好点，因为下辈子不一定能够遇见。
621,深圳,小棉袄91,广东,女,我从远方赶来，恰巧你们也在。
622,深圳,T的笑容,广东,男,
623,鄂尔多斯,你掉了颗牙-.-,内蒙古,女,路很遥远，未来还很大，我还需努力。
624,,依旧91,,男,
625,San Francisco,李飞,California,男,致力于推动区块链和分布式账本技术的发展。
626,,05,,女,
627,深圳,But You,广东,男,好无聊
628,,启航,,不明性别,
629,南昌,亮AKIRA,江西,男,没事出来唠唠嗑！吼吼吼！
630,开封,恋,河南,女,愿你以后不再孤单
631,眉山,贺碧清  15159583665,四川,女,"诚招《绿色医疗》加盟商;   
培训 经络穴位 高级推拿师办证"
632,南阳,木子灰灰,河南,女,"高山仰止，景行行止。虽不能至，然心向往之。96<span class=""emoji emoji1f451""></span>"
633,洛阳,瑞昌化工老陈,河南,男,干事业
634,郑州,90,河南,男,
635,深圳,梅M,广东,女,打广告的不要加我，除了我的已加好友外
636,深圳,T.Q,广东,女,
637,驻马店,田晓鹏,河南,男,技术决定下限，审美决定上限
638,Miyazaki-shi,经纬纵横,Miyazaki-ken,男,一只牛的异想世界，专注大数据
639,,Diana鲁琼,,女,原来你也在这里~
640,西安,Amy,陕西,女,有些话只说给懂的人听！
641,,果冻,,男,
642,,Rain-Bow,,男,我就是我，不一样的你！
643,,坎话,上海,女,不敢看你的眼睛，因为我觉得眼睛是会泄密的
644,深圳,1号客服（满人请加18924597437）,广东,女,遇见你，不早不晚！乐橙岛专注成人钢琴教育！18124599772！
645,深圳,。,广东,女,"未来，我要走得很远。像风，像云朵，像彩虹，自由自在。
 "
646,,A万能的大锤,,男,
647,新乡,郭,河南,女,活成自己想要的样子98
648,Sydney,比花漂亮的坏蛋,New South Wales,女,女孩，不需要多么艳丽的外表，简单，干净，温暖，如此甚好
649,海淀,捕光追影,北京,女,我把余生扔进了风里 我没犹豫你也别找寻！
650,洛阳,中国平安南琼,河南,女,一直幸福下去……
651,洛阳,苏琛  18736318097,河南,男,寿险，银行，贷款，车险，证券，房子，汽车找我18736318097
652,珠海,Pantene ,广东,女,沉淀不是沉没，而是浮潜。
653,洛阳,高冲,河南,男,
654,洛阳,追梦教育,河南,女,真诚，用心对待每一个孩子！！！
655,,YIYI,Zurich,女,snowdream
656,,隆琪广告同普路1451号,,不明性别,电话17317129997
657,绍兴,97,浙江,男,一身污浊 自得其乐
658,苏州,9882,江苏,男,返现的直接联系淘宝客服
659,北海,青伞,广西,男,风仍如期，君却失约。初心初心，君已失心。
660,鹤岗,健康7795一生,黑龙江,女,平安健康
661,宁波,书恩,浙江,男,"知我者谓我心忧
不知我者谓我何求"
662,揭阳,Z,广东,女,91231531 0179 99817595 91 8107 4931 0179 15237595
663,深圳,(^_^)全新酒店式公寓招租(^_^),广东,男,
664,深圳,夜的第八章,广东,男,"宿命。




读书学习运动。"
665,长沙,云上译舍,湖南,男,遇见生活，遇见自己！
666,,ι  自恋狂   a,Paris,男,优雅的痞子
667,沈阳,R到成功！,辽宁,女,祝愿2018年事事顺心！我的家人一切平安快乐！
668,,97,,男,
669,,C、ong,Rio de Janeiro,男,"　　　　　　　


































　"
670,长宁,乐呵呵,上海,女,不要抱怨，要争取
671,大连,驴纸君。,辽宁,女,“不是按部就班的人云亦云。” 
672,深圳,悠远的天空,广东,男,
673,东城,。,北京,男,
674,洛阳,AAA威佳雪佛兰姚吉星,河南,男,生活，属于懂得享受前行的人。
675,烟台,carpe diem,山东,女,不宜妄自菲薄
676,厦门,A有一种微笑无可替代,福建,女,向阳的葵花有多美  然而没了太阳又该如何
677,洛阳,轩辕鹏翔,河南,男,保险销售，家庭理财规划师
678,郑州,往事～随疯6965616167636066636363,河南,男,不如意事常八九，可与人言无二三。
679,昆明,start,云南,男,唯有自律，方得自由
680,,=￣ω￣=,,女,百年难得的天文特征
681,南昌,up!up!,江西,男,请原谅射手座放荡不羁爱自由
682,,95 因为98 遇见你,,男,我若盛开，蝴蝶自然来！！！
683,,可口可乐,,女,Be brave，be kind.
684,,i小贱,,男,遇一人白首，择一城终老，予一己真心，盼一生偕老
685,郑州,A张娟,河南,女,有问题欢迎致电18838084614
686,广州,晓宁鬼,广东,女,
687,广州,90啧啧啧,广东,男,没有知识，大脑就会被最原始野蛮的欲望与最直白的表象所占据。
688,,钱多多。,,女,遇见更好的自己。
689,,娇妹  。,Bengo,女,奇 葩 。
690,,寓见你,,男,寓见你，奔跑，穿越心灵之旅，这里是每位游子的避风港！
691,PW,吴杰92,Sichuan,男,
692,,Amy,,女,
693,静安,邹秉成9399品牌符文师邹师爷,上海,男,我叫邹秉成，秉承中国文化，成就未来梦想
694,东莞,李德旺《德沃国际名车》,广东,男,13316666606
695,,Co Tang,,男,空白
696,,95 抹茶派行动,,女,
697,深圳,a-ning,广东,女,不为，无畏，初心勿忘。
698,,雨声,,男,
699,厦门,Seva,福建,女,"你来人间一趟，要去看看太阳。
勇敢向前走，大胆向前看"
700,,杨龙波,,男,兴业银行电话18939011110
701,青岛,猎头倪磊,山东,女,福来者福往，爱出者爱返～
702,揭阳,CHEERGO,广东,女,恍惚地面对世界 笔直地面对自己
703,广州,02216902,广东,女,很想念很感谢有你的夏天。
704,合肥,Be a sunny girl,安徽,女,健身 读书 旅行 摄影 设计
705,深圳,79 Dream,广东,女,if……
706,,小马姑娘,,不明性别,9.1日起暂停对外咨询，请关注PonyCar公众号人工咨询
707,,amo,,男,I'll always be there for you
708,,地表最爆,,不明性别,无从遗憾，只有不曾尽力。梦想家不需要过去和未来！
709,,Silvia °,,不明性别,
710,三亚,四叶草92,海南,女,一切随缘～
711,深圳,小白292729O_o,广东,男,腹有诗书气自华。
712,运城,柠栀,山西,男,
713,安阳,92如你,河南,男,"<span class=""emoji emoji1f609""></span>"
714,洛阳,空、白,河南,女,你若安好  便是晴天
715,南京,锦,江苏,女,前事不忘后事之师
716,,麦芷,,女,承蒙时光不弃，感谢一切给予――雷霆雨露，均是天恩
717,常德,刘小萌93,湖南,女,
718,,十柒弦.,,女,2017~加油!~
719,郑州,龙少,河南,男,开开心心的
720,,文渊,Nara,男,不忘初心，方得始终。
721,深圳,D.YU,广东,男,粥可温，饭太稀
722,,AbbyabbieY小狐,,女,不迁就，不言苦；不遗憾，不认输
723,深圳,糖糖9597,广东,女,
724,深圳,张穸洛@tuyiyi.com,广东,男,图翼网打杂人员@tuyiyi.com
725,海淀,超,北京,男,慢慢说，拣着说
726,温州,° X,浙江,男,～～～
727,,子不语,,女,我会痛  也会累  但不虚伪
728,深圳,Payne.Li,广东,男,everything will be ok!
729,丰台,R.,北京,男,"












                    你念他的旧 他又会记得你多久"
730,深圳,何求94,广东,男,何其所幸，夫复何求。
731,郑州,92,河南,女,什么事情都是有了第一次就会有第二次。
732,,以北,北京,男,沉淀沉淀再沉淀。
733,阜阳,待定,安徽,男,安徽阜阳的在哪里
734,,Z,Paris,女,没啥可说的
735,洛阳,影像辉,河南,男,
736,,黄大涵18938665201,,不明性别,
737,深圳,刘晨,广东,男,汤没盐不如水，人没钱不如鬼
738,洛阳,A如鑫（中国人寿13783797815）,河南,女,专业车险寿险（国寿客服）
739,宜昌,Still_YoG,湖北,男,qwert
740,,孤城心,Offaly,男,五
741,深圳,安,广东,女,93
742,,张瑜玮,,女,相信自己
743,三亚,素月,海南,男,？
744,赣州,nsdsn,江西,女,
745,深圳,豆豆,广东,女,诚信第一，晚上十二点前预约
746,杭州,燃萁之敏,浙江,女,"Even if you02lose02everything,02don't02lose your02smile."
747,,老男孩_,,男,哪有什么岁月静好     只不过是有人在替我们负重前行
748,大连,听风,辽宁,女,内心的强大，永远胜过外表的浮华。
749,深圳,Z,广东,女,17年加油，快乐生活每一天……＞3＜
750,深圳,盛钱包0.55%（原超级快升级版）,广东,女,产品：超级刷、超级快、超级码、盛钱包。咨询故障问题4000002999
751,商丘,##招聘车贷经理夏雨18237093621,河南,男,既然运气差到家了，那就试试勇气！！！
752,深圳,深蓝,广东,男,有事做 有人爱 有所期待
753,,深圳云杉李佳佳18923861498,,女,
754,,Monster03,,男,半缘修道半缘君
755,,韩程,,男,你强任你强，清风拂山岗。你横任你横，明月照大江。
756,,Hellen,Upper Austria,女,专业承接画册 Logo App界面 网页界面设计年前介绍客户二八分成
757,太原,My head is full of you,山西,女,
758,深圳,lovebugs,广东,男,我大概是一只鸟，充满了警惕，不容易停留，所以一直在飞。
759,深圳,水光,广东,女,此刻无话说！
760,郑州,河南超凡装饰 小雅,河南,女,"越了解『超凡』
越信赖『超凡』
阿茹-用心装饰河南<span class=""emoji emoji27bf""></span>15803841506"
761,苏州,澎（李相澎）,江苏,男,"<span class=""emoji emoji2600""></span>

<span class=""emoji emoji2600""></span>

<span class=""emoji emoji2600""></span>

<span class=""emoji emoji3120e3""></span>
<span class=""emoji emoji3320e3""></span>
<span class=""emoji emoji3920e3""></span>

<span class=""emoji emoji3120e3""></span>
<span class=""emoji emoji3520e3""></span>
<span class=""emoji emoji3520e3""></span>
<span class=""emoji emoji3520e3""></span>

91
91
<span class=""emoji emoji1f4f6""></span>

<span class=""emoji emoji2600""></span>

<span class=""emoji emoji1f31b""></span>

<span class=""emoji emoji1f31f""></span>"
762,洛阳,宛若云霓,河南,男,最怕一生碌碌无为，还说平凡难能可贵。。。。。。
763,,Shin Hye,Barcelona,男,Veni  Vidi  Vici
764,,七喜,,女,"<span class=""emoji emoji1f4f7""></span>."
765,广州,Tiffany,广东,女,下一站
766,,酒后少女的牵挂,,男,.
767,虹口,娜娜,上海,女,想要赚钱的嘛跟着姐保证让你赚
768,,Eleanore.,Munich,女,
769,,歌谣,,男,别把最疼爱你的人弄丢了。
